name,eer,importance,p_change,cost,score
balanced,0.500000000,0.500000000,0.500000000,0.250000000,0.500000000
free_operation,0.500000000,0.500000000,0.500000000,0.000000000,124999999.999999985
dear_operation,0.900000000,0.900000000,0.900000000,0.500000000,1.458000000
cheap_but_decisive,0.600000000,1.000000000,1.000000000,0.010000000,60.000000000
certain_no_effect,0.000000000,1.000000000,1.000000000,0.010000000,0.000000000
no_decision_dependence,1.000000000,0.000000000,1.000000000,0.050000000,0.000000000
low_change_probability,1.000000000,1.000000000,0.250000000,0.050000000,5.000000000
maximum,1.000000000,1.000000000,1.000000000,0.000000001,999999999.999999881
tool_price,0.700000000,0.900000000,0.800000000,0.500000000,1.008000000
free_and_worthless,0.000000000,0.000000000,0.000000000,0.000000000,0.000000000
